lha_id,age_group,gender,ed_subservice,baserate_per_1000
1,0-4,Female,Adult ED,21.71
1,0-4,Female,Pediatric ED,172.59
1,0-4,Female,Urgent Care Centre,70.69
1,0-4,Male,Adult ED,25.54
1,0-4,Male,Pediatric ED,174.12
1,0-4,Male,Urgent Care Centre,48.8
1,0-4,Other,Adult ED,9.58
1,0-4,Other,Pediatric ED,217.89
1,0-4,Other,Urgent Care Centre,50.12
1,5-14,Female,Adult ED,24.9
1,5-14,Female,Pediatric ED,235.15
1,5-14,Female,Urgent Care Centre,51.76
1,5-14,Male,Adult ED,28.19
1,5-14,Male,Pediatric ED,146.43
1,5-14,Male,Urgent Care Centre,75.43
1,5-14,Other,Adult ED,27.94
1,5-14,Other,Pediatric ED,232.52
1,5-14,Other,Urgent Care Centre,56.0
1,15-24,Female,Adult ED,139.69
1,15-24,Female,Pediatric ED,93.81
1,15-24,Female,Urgent Care Centre,65.09
1,15-24,Male,Adult ED,91.91
1,15-24,Male,Pediatric ED,51.1
1,15-24,Male,Urgent Care Centre,42.08
1,15-24,Other,Adult ED,119.45
1,15-24,Other,Pediatric ED,62.54
1,15-24,Other,Urgent Care Centre,57.32
1,25-44,Female,Adult ED,126.73
1,25-44,Female,Pediatric ED,7.74
1,25-44,Female,Urgent Care Centre,45.98
1,25-44,Male,Adult ED,153.45
1,25-44,Male,Pediatric ED,13.85
1,25-44,Male,Urgent Care Centre,77.78
1,25-44,Other,Adult ED,82.55
1,25-44,Other,Pediatric ED,9.05
1,25-44,Other,Urgent Care Centre,54.88
1,45-64,Female,Adult ED,138.73
1,45-64,Female,Pediatric ED,14.68
1,45-64,Female,Urgent Care Centre,76.27
1,45-64,Male,Adult ED,93.55
1,45-64,Male,Pediatric ED,12.78
1,45-64,Male,Urgent Care Centre,68.43
1,45-64,Other,Adult ED,98.87
1,45-64,Other,Pediatric ED,20.02
1,45-64,Other,Urgent Care Centre,37.71
1,65-74,Female,Adult ED,88.79
1,65-74,Female,Pediatric ED,16.75
1,65-74,Female,Urgent Care Centre,42.04
1,65-74,Male,Adult ED,150.6
1,65-74,Male,Pediatric ED,20.98
1,65-74,Male,Urgent Care Centre,42.25
1,65-74,Other,Adult ED,129.14
1,65-74,Other,Pediatric ED,9.38
1,65-74,Other,Urgent Care Centre,43.59
1,75-84,Female,Adult ED,303.94
1,75-84,Female,Pediatric ED,17.71
1,75-84,Female,Urgent Care Centre,58.09
1,75-84,Male,Adult ED,410.87
1,75-84,Male,Pediatric ED,9.74
1,75-84,Male,Urgent Care Centre,59.89
1,75-84,Other,Adult ED,356.67
1,75-84,Other,Pediatric ED,16.83
1,75-84,Other,Urgent Care Centre,37.91
1,85+,Female,Adult ED,212.64
1,85+,Female,Pediatric ED,18.78
1,85+,Female,Urgent Care Centre,49.99
1,85+,Male,Adult ED,409.18
1,85+,Male,Pediatric ED,6.27
1,85+,Male,Urgent Care Centre,45.0
1,85+,Other,Adult ED,313.79
1,85+,Other,Pediatric ED,12.31
1,85+,Other,Urgent Care Centre,56.26
2,0-4,Female,Adult ED,17.93
2,0-4,Female,Pediatric ED,208.62
2,0-4,Female,Urgent Care Centre,47.14
2,0-4,Male,Adult ED,30.8
2,0-4,Male,Pediatric ED,194.49
2,0-4,Male,Urgent Care Centre,42.37
2,0-4,Other,Adult ED,17.21
2,0-4,Other,Pediatric ED,158.49
2,0-4,Other,Urgent Care Centre,44.52
2,5-14,Female,Adult ED,15.17
2,5-14,Female,Pediatric ED,225.84
2,5-14,Female,Urgent Care Centre,50.36
2,5-14,Male,Adult ED,13.23
2,5-14,Male,Pediatric ED,247.01
2,5-14,Male,Urgent Care Centre,62.26
2,5-14,Other,Adult ED,23.72
2,5-14,Other,Pediatric ED,156.39
2,5-14,Other,Urgent Care Centre,56.38
2,15-24,Female,Adult ED,133.31
2,15-24,Female,Pediatric ED,95.22
2,15-24,Female,Urgent Care Centre,55.2
2,15-24,Male,Adult ED,133.26
2,15-24,Male,Pediatric ED,58.9
2,15-24,Male,Urgent Care Centre,54.36
2,15-24,Other,Adult ED,109.87
2,15-24,Other,Pediatric ED,79.98
2,15-24,Other,Urgent Care Centre,53.65
2,25-44,Female,Adult ED,154.99
2,25-44,Female,Pediatric ED,20.37
2,25-44,Female,Urgent Care Centre,71.48
2,25-44,Male,Adult ED,107.47
2,25-44,Male,Pediatric ED,10.04
2,25-44,Male,Urgent Care Centre,60.51
2,25-44,Other,Adult ED,106.96
2,25-44,Other,Pediatric ED,11.55
2,25-44,Other,Urgent Care Centre,89.93
2,45-64,Female,Adult ED,121.5
2,45-64,Female,Pediatric ED,7.17
2,45-64,Female,Urgent Care Centre,79.37
2,45-64,Male,Adult ED,123.8
2,45-64,Male,Pediatric ED,5.96
2,45-64,Male,Urgent Care Centre,64.35
2,45-64,Other,Adult ED,103.6
2,45-64,Other,Pediatric ED,5.62
2,45-64,Other,Urgent Care Centre,67.16
2,65-74,Female,Adult ED,92.8
2,65-74,Female,Pediatric ED,17.89
2,65-74,Female,Urgent Care Centre,64.54
2,65-74,Male,Adult ED,111.18
2,65-74,Male,Pediatric ED,13.96
2,65-74,Male,Urgent Care Centre,50.25
2,65-74,Other,Adult ED,93.68
2,65-74,Other,Pediatric ED,14.17
2,65-74,Other,Urgent Care Centre,56.63
2,75-84,Female,Adult ED,213.61
2,75-84,Female,Pediatric ED,20.97
2,75-84,Female,Urgent Care Centre,41.7
2,75-84,Male,Adult ED,274.97
2,75-84,Male,Pediatric ED,19.59
2,75-84,Male,Urgent Care Centre,51.03
2,75-84,Other,Adult ED,389.14
2,75-84,Other,Pediatric ED,16.25
2,75-84,Other,Urgent Care Centre,56.39
2,85+,Female,Adult ED,356.13
2,85+,Female,Pediatric ED,15.61
2,85+,Female,Urgent Care Centre,43.63
2,85+,Male,Adult ED,223.76
2,85+,Male,Pediatric ED,9.28
2,85+,Male,Urgent Care Centre,64.63
2,85+,Other,Adult ED,303.71
2,85+,Other,Pediatric ED,13.83
2,85+,Other,Urgent Care Centre,64.81
3,0-4,Female,Adult ED,18.06
3,0-4,Female,Pediatric ED,154.43
3,0-4,Female,Urgent Care Centre,63.93
3,0-4,Male,Adult ED,25.08
3,0-4,Male,Pediatric ED,173.86
3,0-4,Male,Urgent Care Centre,46.31
3,0-4,Other,Adult ED,28.46
3,0-4,Other,Pediatric ED,239.24
3,0-4,Other,Urgent Care Centre,40.79
3,5-14,Female,Adult ED,16.81
3,5-14,Female,Pediatric ED,237.89
3,5-14,Female,Urgent Care Centre,73.75
3,5-14,Male,Adult ED,13.8
3,5-14,Male,Pediatric ED,245.53
3,5-14,Male,Urgent Care Centre,57.61
3,5-14,Other,Adult ED,14.78
3,5-14,Other,Pediatric ED,270.24
3,5-14,Other,Urgent Care Centre,80.72
3,15-24,Female,Adult ED,83.67
3,15-24,Female,Pediatric ED,69.48
3,15-24,Female,Urgent Care Centre,74.71
3,15-24,Male,Adult ED,130.37
3,15-24,Male,Pediatric ED,82.36
3,15-24,Male,Urgent Care Centre,80.26
3,15-24,Other,Adult ED,104.65
3,15-24,Other,Pediatric ED,68.75
3,15-24,Other,Urgent Care Centre,65.95
3,25-44,Female,Adult ED,79.15
3,25-44,Female,Pediatric ED,10.29
3,25-44,Female,Urgent Care Centre,76.94
3,25-44,Male,Adult ED,122.4
3,25-44,Male,Pediatric ED,19.86
3,25-44,Male,Urgent Care Centre,71.6
3,25-44,Other,Adult ED,133.66
3,25-44,Other,Pediatric ED,18.07
3,25-44,Other,Urgent Care Centre,43.47
3,45-64,Female,Adult ED,128.56
3,45-64,Female,Pediatric ED,14.11
3,45-64,Female,Urgent Care Centre,55.83
3,45-64,Male,Adult ED,101.92
3,45-64,Male,Pediatric ED,5.45
3,45-64,Male,Urgent Care Centre,64.24
3,45-64,Other,Adult ED,138.69
3,45-64,Other,Pediatric ED,9.11
3,45-64,Other,Urgent Care Centre,63.18
3,65-74,Female,Adult ED,105.52
3,65-74,Female,Pediatric ED,15.48
3,65-74,Female,Urgent Care Centre,51.89
3,65-74,Male,Adult ED,103.75
3,65-74,Male,Pediatric ED,6.8
3,65-74,Male,Urgent Care Centre,80.37
3,65-74,Other,Adult ED,148.16
3,65-74,Other,Pediatric ED,9.65
3,65-74,Other,Urgent Care Centre,37.46
3,75-84,Female,Adult ED,288.27
3,75-84,Female,Pediatric ED,14.77
3,75-84,Female,Urgent Care Centre,56.03
3,75-84,Male,Adult ED,318.28
3,75-84,Male,Pediatric ED,15.82
3,75-84,Male,Urgent Care Centre,43.53
3,75-84,Other,Adult ED,310.44
3,75-84,Other,Pediatric ED,18.58
3,75-84,Other,Urgent Care Centre,61.38
3,85+,Female,Adult ED,228.42
3,85+,Female,Pediatric ED,8.65
3,85+,Female,Urgent Care Centre,70.83
3,85+,Male,Adult ED,290.23
3,85+,Male,Pediatric ED,8.23
3,85+,Male,Urgent Care Centre,56.71
3,85+,Other,Adult ED,282.08
3,85+,Other,Pediatric ED,17.58
3,85+,Other,Urgent Care Centre,43.27
4,0-4,Female,Adult ED,14.14
4,0-4,Female,Pediatric ED,192.72
4,0-4,Female,Urgent Care Centre,51.71
4,0-4,Male,Adult ED,20.28
4,0-4,Male,Pediatric ED,237.91
4,0-4,Male,Urgent Care Centre,69.56
4,0-4,Other,Adult ED,28.77
4,0-4,Other,Pediatric ED,222.25
4,0-4,Other,Urgent Care Centre,74.27
4,5-14,Female,Adult ED,28.63
4,5-14,Female,Pediatric ED,192.71
4,5-14,Female,Urgent Care Centre,50.58
4,5-14,Male,Adult ED,25.42
4,5-14,Male,Pediatric ED,203.09
4,5-14,Male,Urgent Care Centre,41.25
4,5-14,Other,Adult ED,14.6
4,5-14,Other,Pediatric ED,181.88
4,5-14,Other,Urgent Care Centre,52.12
4,15-24,Female,Adult ED,123.81
4,15-24,Female,Pediatric ED,70.68
4,15-24,Female,Urgent Care Centre,54.97
4,15-24,Male,Adult ED,118.27
4,15-24,Male,Pediatric ED,82.3
4,15-24,Male,Urgent Care Centre,78.21
4,15-24,Other,Adult ED,90.82
4,15-24,Other,Pediatric ED,72.73
4,15-24,Other,Urgent Care Centre,84.22
4,25-44,Female,Adult ED,112.04
4,25-44,Female,Pediatric ED,13.33
4,25-44,Female,Urgent Care Centre,47.45
4,25-44,Male,Adult ED,100.1
4,25-44,Male,Pediatric ED,10.4
4,25-44,Male,Urgent Care Centre,52.41
4,25-44,Other,Adult ED,100.13
4,25-44,Other,Pediatric ED,12.3
4,25-44,Other,Urgent Care Centre,56.84
4,45-64,Female,Adult ED,83.07
4,45-64,Female,Pediatric ED,7.01
4,45-64,Female,Urgent Care Centre,41.5
4,45-64,Male,Adult ED,91.53
4,45-64,Male,Pediatric ED,16.02
4,45-64,Male,Urgent Care Centre,74.73
4,45-64,Other,Adult ED,85.41
4,45-64,Other,Pediatric ED,5.35
4,45-64,Other,Urgent Care Centre,76.4
4,65-74,Female,Adult ED,129.04
4,65-74,Female,Pediatric ED,15.15
4,65-74,Female,Urgent Care Centre,75.64
4,65-74,Male,Adult ED,75.77
4,65-74,Male,Pediatric ED,7.13
4,65-74,Male,Urgent Care Centre,59.03
4,65-74,Other,Adult ED,139.29
4,65-74,Other,Pediatric ED,7.76
4,65-74,Other,Urgent Care Centre,61.83
4,75-84,Female,Adult ED,380.77
4,75-84,Female,Pediatric ED,6.31
4,75-84,Female,Urgent Care Centre,53.41
4,75-84,Male,Adult ED,383.54
4,75-84,Male,Pediatric ED,14.39
4,75-84,Male,Urgent Care Centre,69.35
4,75-84,Other,Adult ED,238.4
4,75-84,Other,Pediatric ED,18.29
4,75-84,Other,Urgent Care Centre,51.35
4,85+,Female,Adult ED,351.08
4,85+,Female,Pediatric ED,11.28
4,85+,Female,Urgent Care Centre,59.28
4,85+,Male,Adult ED,393.76
4,85+,Male,Pediatric ED,7.19
4,85+,Male,Urgent Care Centre,69.72
4,85+,Other,Adult ED,334.85
4,85+,Other,Pediatric ED,18.24
4,85+,Other,Urgent Care Centre,55.5
5,0-4,Female,Adult ED,20.73
5,0-4,Female,Pediatric ED,198.03
5,0-4,Female,Urgent Care Centre,52.52
5,0-4,Male,Adult ED,24.41
5,0-4,Male,Pediatric ED,225.96
5,0-4,Male,Urgent Care Centre,59.88
5,0-4,Other,Adult ED,15.09
5,0-4,Other,Pediatric ED,212.66
5,0-4,Other,Urgent Care Centre,52.82
5,5-14,Female,Adult ED,17.45
5,5-14,Female,Pediatric ED,215.19
5,5-14,Female,Urgent Care Centre,42.22
5,5-14,Male,Adult ED,12.23
5,5-14,Male,Pediatric ED,209.13
5,5-14,Male,Urgent Care Centre,69.6
5,5-14,Other,Adult ED,21.56
5,5-14,Other,Pediatric ED,146.0
5,5-14,Other,Urgent Care Centre,63.74
5,15-24,Female,Adult ED,120.39
5,15-24,Female,Pediatric ED,75.98
5,15-24,Female,Urgent Care Centre,68.66
5,15-24,Male,Adult ED,123.28
5,15-24,Male,Pediatric ED,57.82
5,15-24,Male,Urgent Care Centre,44.07
5,15-24,Other,Adult ED,126.75
5,15-24,Other,Pediatric ED,54.22
5,15-24,Other,Urgent Care Centre,63.37
5,25-44,Female,Adult ED,148.73
5,25-44,Female,Pediatric ED,8.88
5,25-44,Female,Urgent Care Centre,46.46
5,25-44,Male,Adult ED,83.57
5,25-44,Male,Pediatric ED,12.42
5,25-44,Male,Urgent Care Centre,79.81
5,25-44,Other,Adult ED,114.38
5,25-44,Other,Pediatric ED,17.98
5,25-44,Other,Urgent Care Centre,76.57
5,45-64,Female,Adult ED,112.19
5,45-64,Female,Pediatric ED,7.42
5,45-64,Female,Urgent Care Centre,77.47
5,45-64,Male,Adult ED,134.82
5,45-64,Male,Pediatric ED,6.27
5,45-64,Male,Urgent Care Centre,39.19
5,45-64,Other,Adult ED,112.37
5,45-64,Other,Pediatric ED,17.63
5,45-64,Other,Urgent Care Centre,72.83
5,65-74,Female,Adult ED,131.64
5,65-74,Female,Pediatric ED,12.78
5,65-74,Female,Urgent Care Centre,59.79
5,65-74,Male,Adult ED,143.49
5,65-74,Male,Pediatric ED,14.63
5,65-74,Male,Urgent Care Centre,75.83
5,65-74,Other,Adult ED,86.35
5,65-74,Other,Pediatric ED,13.37
5,65-74,Other,Urgent Care Centre,40.97
5,75-84,Female,Adult ED,199.54
5,75-84,Female,Pediatric ED,13.62
5,75-84,Female,Urgent Care Centre,50.28
5,75-84,Male,Adult ED,337.47
5,75-84,Male,Pediatric ED,16.61
5,75-84,Male,Urgent Care Centre,73.3
5,75-84,Other,Adult ED,375.46
5,75-84,Other,Pediatric ED,11.53
5,75-84,Other,Urgent Care Centre,73.98
5,85+,Female,Adult ED,349.67
5,85+,Female,Pediatric ED,7.34
5,85+,Female,Urgent Care Centre,70.44
5,85+,Male,Adult ED,238.36
5,85+,Male,Pediatric ED,15.94
5,85+,Male,Urgent Care Centre,77.71
5,85+,Other,Adult ED,261.16
5,85+,Other,Pediatric ED,5.48
5,85+,Other,Urgent Care Centre,48.93
6,0-4,Female,Adult ED,12.37
6,0-4,Female,Pediatric ED,235.35
6,0-4,Female,Urgent Care Centre,81.93
6,0-4,Male,Adult ED,22.36
6,0-4,Male,Pediatric ED,161.92
6,0-4,Male,Urgent Care Centre,60.6
6,0-4,Other,Adult ED,25.62
6,0-4,Other,Pediatric ED,216.97
6,0-4,Other,Urgent Care Centre,52.35
6,5-14,Female,Adult ED,16.68
6,5-14,Female,Pediatric ED,224.78
6,5-14,Female,Urgent Care Centre,54.22
6,5-14,Male,Adult ED,17.17
6,5-14,Male,Pediatric ED,233.67
6,5-14,Male,Urgent Care Centre,56.03
6,5-14,Other,Adult ED,18.79
6,5-14,Other,Pediatric ED,191.25
6,5-14,Other,Urgent Care Centre,83.29
6,15-24,Female,Adult ED,116.96
6,15-24,Female,Pediatric ED,58.56
6,15-24,Female,Urgent Care Centre,71.14
6,15-24,Male,Adult ED,125.3
6,15-24,Male,Pediatric ED,84.09
6,15-24,Male,Urgent Care Centre,59.81
6,15-24,Other,Adult ED,101.06
6,15-24,Other,Pediatric ED,74.15
6,15-24,Other,Urgent Care Centre,47.04
6,25-44,Female,Adult ED,113.83
6,25-44,Female,Pediatric ED,20.7
6,25-44,Female,Urgent Care Centre,56.22
6,25-44,Male,Adult ED,138.21
6,25-44,Male,Pediatric ED,15.78
6,25-44,Male,Urgent Care Centre,54.35
6,25-44,Other,Adult ED,137.19
6,25-44,Other,Pediatric ED,12.81
6,25-44,Other,Urgent Care Centre,77.06
6,45-64,Female,Adult ED,146.71
6,45-64,Female,Pediatric ED,9.41
6,45-64,Female,Urgent Care Centre,59.06
6,45-64,Male,Adult ED,122.95
6,45-64,Male,Pediatric ED,8.87
6,45-64,Male,Urgent Care Centre,69.81
6,45-64,Other,Adult ED,102.23
6,45-64,Other,Pediatric ED,12.47
6,45-64,Other,Urgent Care Centre,62.89
6,65-74,Female,Adult ED,109.88
6,65-74,Female,Pediatric ED,7.98
6,65-74,Female,Urgent Care Centre,61.2
6,65-74,Male,Adult ED,122.03
6,65-74,Male,Pediatric ED,16.83
6,65-74,Male,Urgent Care Centre,70.81
6,65-74,Other,Adult ED,138.63
6,65-74,Other,Pediatric ED,19.68
6,65-74,Other,Urgent Care Centre,41.51
6,75-84,Female,Adult ED,329.79
6,75-84,Female,Pediatric ED,18.0
6,75-84,Female,Urgent Care Centre,60.78
6,75-84,Male,Adult ED,338.29
6,75-84,Male,Pediatric ED,13.8
6,75-84,Male,Urgent Care Centre,64.3
6,75-84,Other,Adult ED,283.19
6,75-84,Other,Pediatric ED,16.3
6,75-84,Other,Urgent Care Centre,82.08
6,85+,Female,Adult ED,270.94
6,85+,Female,Pediatric ED,16.19
6,85+,Female,Urgent Care Centre,71.42
6,85+,Male,Adult ED,219.29
6,85+,Male,Pediatric ED,20.69
6,85+,Male,Urgent Care Centre,68.95
6,85+,Other,Adult ED,228.5
6,85+,Other,Pediatric ED,17.78
6,85+,Other,Urgent Care Centre,75.96
7,0-4,Female,Adult ED,11.24
7,0-4,Female,Pediatric ED,177.09
7,0-4,Female,Urgent Care Centre,45.97
7,0-4,Male,Adult ED,22.57
7,0-4,Male,Pediatric ED,152.94
7,0-4,Male,Urgent Care Centre,76.63
7,0-4,Other,Adult ED,16.65
7,0-4,Other,Pediatric ED,162.4
7,0-4,Other,Urgent Care Centre,46.48
7,5-14,Female,Adult ED,10.5
7,5-14,Female,Pediatric ED,244.39
7,5-14,Female,Urgent Care Centre,46.05
7,5-14,Male,Adult ED,17.21
7,5-14,Male,Pediatric ED,210.66
7,5-14,Male,Urgent Care Centre,53.46
7,5-14,Other,Adult ED,13.5
7,5-14,Other,Pediatric ED,182.69
7,5-14,Other,Urgent Care Centre,64.29
7,15-24,Female,Adult ED,146.43
7,15-24,Female,Pediatric ED,100.46
7,15-24,Female,Urgent Care Centre,51.32
7,15-24,Male,Adult ED,134.27
7,15-24,Male,Pediatric ED,53.57
7,15-24,Male,Urgent Care Centre,64.71
7,15-24,Other,Adult ED,109.0
7,15-24,Other,Pediatric ED,76.79
7,15-24,Other,Urgent Care Centre,67.84
7,25-44,Female,Adult ED,130.26
7,25-44,Female,Pediatric ED,15.39
7,25-44,Female,Urgent Care Centre,67.76
7,25-44,Male,Adult ED,120.46
7,25-44,Male,Pediatric ED,11.8
7,25-44,Male,Urgent Care Centre,63.61
7,25-44,Other,Adult ED,108.13
7,25-44,Other,Pediatric ED,6.79
7,25-44,Other,Urgent Care Centre,70.29
7,45-64,Female,Adult ED,122.0
7,45-64,Female,Pediatric ED,17.03
7,45-64,Female,Urgent Care Centre,72.86
7,45-64,Male,Adult ED,143.18
7,45-64,Male,Pediatric ED,9.3
7,45-64,Male,Urgent Care Centre,72.87
7,45-64,Other,Adult ED,163.61
7,45-64,Other,Pediatric ED,18.15
7,45-64,Other,Urgent Care Centre,85.88
7,65-74,Female,Adult ED,108.67
7,65-74,Female,Pediatric ED,5.23
7,65-74,Female,Urgent Care Centre,59.2
7,65-74,Male,Adult ED,129.21
7,65-74,Male,Pediatric ED,18.86
7,65-74,Male,Urgent Care Centre,41.97
7,65-74,Other,Adult ED,91.18
7,65-74,Other,Pediatric ED,15.09
7,65-74,Other,Urgent Care Centre,42.45
7,75-84,Female,Adult ED,379.7
7,75-84,Female,Pediatric ED,9.45
7,75-84,Female,Urgent Care Centre,47.63
7,75-84,Male,Adult ED,260.49
7,75-84,Male,Pediatric ED,6.96
7,75-84,Male,Urgent Care Centre,45.01
7,75-84,Other,Adult ED,358.47
7,75-84,Other,Pediatric ED,18.72
7,75-84,Other,Urgent Care Centre,62.47
7,85+,Female,Adult ED,271.63
7,85+,Female,Pediatric ED,12.23
7,85+,Female,Urgent Care Centre,74.41
7,85+,Male,Adult ED,271.0
7,85+,Male,Pediatric ED,20.63
7,85+,Male,Urgent Care Centre,45.61
7,85+,Other,Adult ED,353.17
7,85+,Other,Pediatric ED,10.06
7,85+,Other,Urgent Care Centre,42.2
8,0-4,Female,Adult ED,26.84
8,0-4,Female,Pediatric ED,219.34
8,0-4,Female,Urgent Care Centre,60.83
8,0-4,Male,Adult ED,24.42
8,0-4,Male,Pediatric ED,164.69
8,0-4,Male,Urgent Care Centre,45.01
8,0-4,Other,Adult ED,12.94
8,0-4,Other,Pediatric ED,224.78
8,0-4,Other,Urgent Care Centre,51.42
8,5-14,Female,Adult ED,10.42
8,5-14,Female,Pediatric ED,158.38
8,5-14,Female,Urgent Care Centre,48.4
8,5-14,Male,Adult ED,21.02
8,5-14,Male,Pediatric ED,160.27
8,5-14,Male,Urgent Care Centre,47.77
8,5-14,Other,Adult ED,11.67
8,5-14,Other,Pediatric ED,225.93
8,5-14,Other,Urgent Care Centre,69.33
8,15-24,Female,Adult ED,134.64
8,15-24,Female,Pediatric ED,55.47
8,15-24,Female,Urgent Care Centre,74.26
8,15-24,Male,Adult ED,144.72
8,15-24,Male,Pediatric ED,75.43
8,15-24,Male,Urgent Care Centre,71.66
8,15-24,Other,Adult ED,110.18
8,15-24,Other,Pediatric ED,84.06
8,15-24,Other,Urgent Care Centre,66.61
8,25-44,Female,Adult ED,86.58
8,25-44,Female,Pediatric ED,5.85
8,25-44,Female,Urgent Care Centre,65.64
8,25-44,Male,Adult ED,112.93
8,25-44,Male,Pediatric ED,12.84
8,25-44,Male,Urgent Care Centre,59.07
8,25-44,Other,Adult ED,142.79
8,25-44,Other,Pediatric ED,15.96
8,25-44,Other,Urgent Care Centre,62.95
8,45-64,Female,Adult ED,108.58
8,45-64,Female,Pediatric ED,10.04
8,45-64,Female,Urgent Care Centre,54.35
8,45-64,Male,Adult ED,113.5
8,45-64,Male,Pediatric ED,9.88
8,45-64,Male,Urgent Care Centre,70.26
8,45-64,Other,Adult ED,121.36
8,45-64,Other,Pediatric ED,6.91
8,45-64,Other,Urgent Care Centre,73.7
8,65-74,Female,Adult ED,121.8
8,65-74,Female,Pediatric ED,9.57
8,65-74,Female,Urgent Care Centre,55.04
8,65-74,Male,Adult ED,142.28
8,65-74,Male,Pediatric ED,17.3
8,65-74,Male,Urgent Care Centre,62.12
8,65-74,Other,Adult ED,110.07
8,65-74,Other,Pediatric ED,13.62
8,65-74,Other,Urgent Care Centre,48.92
8,75-84,Female,Adult ED,280.69
8,75-84,Female,Pediatric ED,14.03
8,75-84,Female,Urgent Care Centre,77.31
8,75-84,Male,Adult ED,371.95
8,75-84,Male,Pediatric ED,13.25
8,75-84,Male,Urgent Care Centre,82.25
8,75-84,Other,Adult ED,229.19
8,75-84,Other,Pediatric ED,14.65
8,75-84,Other,Urgent Care Centre,45.65
8,85+,Female,Adult ED,376.45
8,85+,Female,Pediatric ED,10.62
8,85+,Female,Urgent Care Centre,62.26
8,85+,Male,Adult ED,329.33
8,85+,Male,Pediatric ED,10.94
8,85+,Male,Urgent Care Centre,57.23
8,85+,Other,Adult ED,362.57
8,85+,Other,Pediatric ED,5.43
8,85+,Other,Urgent Care Centre,47.93
9,0-4,Female,Adult ED,22.94
9,0-4,Female,Pediatric ED,215.88
9,0-4,Female,Urgent Care Centre,56.37
9,0-4,Male,Adult ED,23.16
9,0-4,Male,Pediatric ED,184.63
9,0-4,Male,Urgent Care Centre,66.96
9,0-4,Other,Adult ED,20.16
9,0-4,Other,Pediatric ED,195.17
9,0-4,Other,Urgent Care Centre,37.91
9,5-14,Female,Adult ED,13.71
9,5-14,Female,Pediatric ED,172.53
9,5-14,Female,Urgent Care Centre,41.3
9,5-14,Male,Adult ED,13.19
9,5-14,Male,Pediatric ED,220.38
9,5-14,Male,Urgent Care Centre,77.83
9,5-14,Other,Adult ED,12.68
9,5-14,Other,Pediatric ED,131.96
9,5-14,Other,Urgent Care Centre,85.19
9,15-24,Female,Adult ED,121.19
9,15-24,Female,Pediatric ED,84.77
9,15-24,Female,Urgent Care Centre,42.47
9,15-24,Male,Adult ED,108.92
9,15-24,Male,Pediatric ED,86.28
9,15-24,Male,Urgent Care Centre,70.47
9,15-24,Other,Adult ED,128.4
9,15-24,Other,Pediatric ED,80.01
9,15-24,Other,Urgent Care Centre,52.65
9,25-44,Female,Adult ED,102.03
9,25-44,Female,Pediatric ED,7.53
9,25-44,Female,Urgent Care Centre,44.61
9,25-44,Male,Adult ED,139.09
9,25-44,Male,Pediatric ED,16.93
9,25-44,Male,Urgent Care Centre,68.77
9,25-44,Other,Adult ED,82.05
9,25-44,Other,Pediatric ED,15.13
9,25-44,Other,Urgent Care Centre,59.81
9,45-64,Female,Adult ED,134.02
9,45-64,Female,Pediatric ED,16.74
9,45-64,Female,Urgent Care Centre,60.41
9,45-64,Male,Adult ED,122.75
9,45-64,Male,Pediatric ED,15.41
9,45-64,Male,Urgent Care Centre,60.54
9,45-64,Other,Adult ED,83.31
9,45-64,Other,Pediatric ED,8.9
9,45-64,Other,Urgent Care Centre,42.34
9,65-74,Female,Adult ED,101.24
9,65-74,Female,Pediatric ED,6.05
9,65-74,Female,Urgent Care Centre,44.64
9,65-74,Male,Adult ED,143.09
9,65-74,Male,Pediatric ED,12.51
9,65-74,Male,Urgent Care Centre,65.8
9,65-74,Other,Adult ED,140.56
9,65-74,Other,Pediatric ED,17.93
9,65-74,Other,Urgent Care Centre,52.47
9,75-84,Female,Adult ED,220.09
9,75-84,Female,Pediatric ED,6.81
9,75-84,Female,Urgent Care Centre,54.89
9,75-84,Male,Adult ED,281.2
9,75-84,Male,Pediatric ED,8.61
9,75-84,Male,Urgent Care Centre,57.84
9,75-84,Other,Adult ED,222.91
9,75-84,Other,Pediatric ED,8.99
9,75-84,Other,Urgent Care Centre,55.11
9,85+,Female,Adult ED,363.12
9,85+,Female,Pediatric ED,5.75
9,85+,Female,Urgent Care Centre,65.69
9,85+,Male,Adult ED,355.54
9,85+,Male,Pediatric ED,19.98
9,85+,Male,Urgent Care Centre,54.22
9,85+,Other,Adult ED,218.0
9,85+,Other,Pediatric ED,20.68
9,85+,Other,Urgent Care Centre,57.27
10,0-4,Female,Adult ED,28.21
10,0-4,Female,Pediatric ED,193.14
10,0-4,Female,Urgent Care Centre,73.76
10,0-4,Male,Adult ED,27.85
10,0-4,Male,Pediatric ED,219.7
10,0-4,Male,Urgent Care Centre,64.83
10,0-4,Other,Adult ED,16.53
10,0-4,Other,Pediatric ED,153.62
10,0-4,Other,Urgent Care Centre,77.59
10,5-14,Female,Adult ED,14.0
10,5-14,Female,Pediatric ED,163.15
10,5-14,Female,Urgent Care Centre,45.24
10,5-14,Male,Adult ED,28.75
10,5-14,Male,Pediatric ED,148.75
10,5-14,Male,Urgent Care Centre,65.44
10,5-14,Other,Adult ED,15.76
10,5-14,Other,Pediatric ED,252.1
10,5-14,Other,Urgent Care Centre,65.1
10,15-24,Female,Adult ED,109.65
10,15-24,Female,Pediatric ED,81.62
10,15-24,Female,Urgent Care Centre,56.53
10,15-24,Male,Adult ED,131.05
10,15-24,Male,Pediatric ED,73.78
10,15-24,Male,Urgent Care Centre,71.9
10,15-24,Other,Adult ED,132.97
10,15-24,Other,Pediatric ED,111.51
10,15-24,Other,Urgent Care Centre,54.64
10,25-44,Female,Adult ED,107.02
10,25-44,Female,Pediatric ED,20.11
10,25-44,Female,Urgent Care Centre,69.45
10,25-44,Male,Adult ED,100.25
10,25-44,Male,Pediatric ED,18.31
10,25-44,Male,Urgent Care Centre,47.15
10,25-44,Other,Adult ED,130.58
10,25-44,Other,Pediatric ED,15.33
10,25-44,Other,Urgent Care Centre,68.15
10,45-64,Female,Adult ED,115.56
10,45-64,Female,Pediatric ED,8.29
10,45-64,Female,Urgent Care Centre,51.43
10,45-64,Male,Adult ED,83.76
10,45-64,Male,Pediatric ED,9.38
10,45-64,Male,Urgent Care Centre,49.81
10,45-64,Other,Adult ED,159.93
10,45-64,Other,Pediatric ED,16.04
10,45-64,Other,Urgent Care Centre,42.59
10,65-74,Female,Adult ED,140.79
10,65-74,Female,Pediatric ED,7.23
10,65-74,Female,Urgent Care Centre,55.08
10,65-74,Male,Adult ED,81.37
10,65-74,Male,Pediatric ED,17.7
10,65-74,Male,Urgent Care Centre,69.47
10,65-74,Other,Adult ED,82.2
10,65-74,Other,Pediatric ED,8.23
10,65-74,Other,Urgent Care Centre,61.8
10,75-84,Female,Adult ED,280.08
10,75-84,Female,Pediatric ED,18.76
10,75-84,Female,Urgent Care Centre,40.72
10,75-84,Male,Adult ED,230.68
10,75-84,Male,Pediatric ED,11.7
10,75-84,Male,Urgent Care Centre,48.79
10,75-84,Other,Adult ED,291.49
10,75-84,Other,Pediatric ED,17.08
10,75-84,Other,Urgent Care Centre,61.18
10,85+,Female,Adult ED,399.82
10,85+,Female,Pediatric ED,10.82
10,85+,Female,Urgent Care Centre,68.57
10,85+,Male,Adult ED,226.47
10,85+,Male,Pediatric ED,16.31
10,85+,Male,Urgent Care Centre,71.1
10,85+,Other,Adult ED,379.3
10,85+,Other,Pediatric ED,8.62
10,85+,Other,Urgent Care Centre,67.66
11,0-4,Female,Adult ED,13.88
11,0-4,Female,Pediatric ED,200.3
11,0-4,Female,Urgent Care Centre,67.3
11,0-4,Male,Adult ED,11.88
11,0-4,Male,Pediatric ED,187.68
11,0-4,Male,Urgent Care Centre,39.24
11,0-4,Other,Adult ED,12.25
11,0-4,Other,Pediatric ED,231.11
11,0-4,Other,Urgent Care Centre,57.15
11,5-14,Female,Adult ED,24.29
11,5-14,Female,Pediatric ED,190.91
11,5-14,Female,Urgent Care Centre,73.38
11,5-14,Male,Adult ED,12.16
11,5-14,Male,Pediatric ED,250.58
11,5-14,Male,Urgent Care Centre,74.07
11,5-14,Other,Adult ED,29.44
11,5-14,Other,Pediatric ED,225.18
11,5-14,Other,Urgent Care Centre,66.26
11,15-24,Female,Adult ED,125.38
11,15-24,Female,Pediatric ED,82.71
11,15-24,Female,Urgent Care Centre,60.71
11,15-24,Male,Adult ED,88.36
11,15-24,Male,Pediatric ED,66.67
11,15-24,Male,Urgent Care Centre,59.21
11,15-24,Other,Adult ED,90.25
11,15-24,Other,Pediatric ED,89.37
11,15-24,Other,Urgent Care Centre,74.52
11,25-44,Female,Adult ED,155.26
11,25-44,Female,Pediatric ED,6.21
11,25-44,Female,Urgent Care Centre,56.17
11,25-44,Male,Adult ED,139.11
11,25-44,Male,Pediatric ED,7.3
11,25-44,Male,Urgent Care Centre,64.62
11,25-44,Other,Adult ED,91.78
11,25-44,Other,Pediatric ED,10.13
11,25-44,Other,Urgent Care Centre,64.67
11,45-64,Female,Adult ED,133.26
11,45-64,Female,Pediatric ED,10.86
11,45-64,Female,Urgent Care Centre,63.14
11,45-64,Male,Adult ED,111.09
11,45-64,Male,Pediatric ED,8.07
11,45-64,Male,Urgent Care Centre,69.41
11,45-64,Other,Adult ED,109.07
11,45-64,Other,Pediatric ED,8.28
11,45-64,Other,Urgent Care Centre,66.47
11,65-74,Female,Adult ED,104.15
11,65-74,Female,Pediatric ED,11.9
11,65-74,Female,Urgent Care Centre,73.76
11,65-74,Male,Adult ED,141.34
11,65-74,Male,Pediatric ED,6.55
11,65-74,Male,Urgent Care Centre,71.16
11,65-74,Other,Adult ED,90.7
11,65-74,Other,Pediatric ED,14.67
11,65-74,Other,Urgent Care Centre,78.76
11,75-84,Female,Adult ED,390.77
11,75-84,Female,Pediatric ED,16.92
11,75-84,Female,Urgent Care Centre,43.51
11,75-84,Male,Adult ED,241.0
11,75-84,Male,Pediatric ED,5.45
11,75-84,Male,Urgent Care Centre,58.08
11,75-84,Other,Adult ED,320.75
11,75-84,Other,Pediatric ED,5.93
11,75-84,Other,Urgent Care Centre,85.24
11,85+,Female,Adult ED,313.35
11,85+,Female,Pediatric ED,16.61
11,85+,Female,Urgent Care Centre,80.02
11,85+,Male,Adult ED,300.44
11,85+,Male,Pediatric ED,10.94
11,85+,Male,Urgent Care Centre,73.2
11,85+,Other,Adult ED,269.46
11,85+,Other,Pediatric ED,12.9
11,85+,Other,Urgent Care Centre,37.46
12,0-4,Female,Adult ED,12.62
12,0-4,Female,Pediatric ED,186.08
12,0-4,Female,Urgent Care Centre,56.21
12,0-4,Male,Adult ED,29.83
12,0-4,Male,Pediatric ED,179.79
12,0-4,Male,Urgent Care Centre,57.38
12,0-4,Other,Adult ED,16.22
12,0-4,Other,Pediatric ED,180.35
12,0-4,Other,Urgent Care Centre,69.61
12,5-14,Female,Adult ED,23.69
12,5-14,Female,Pediatric ED,217.72
12,5-14,Female,Urgent Care Centre,64.58
12,5-14,Male,Adult ED,9.61
12,5-14,Male,Pediatric ED,217.43
12,5-14,Male,Urgent Care Centre,69.57
12,5-14,Other,Adult ED,19.1
12,5-14,Other,Pediatric ED,207.43
12,5-14,Other,Urgent Care Centre,58.65
12,15-24,Female,Adult ED,117.27
12,15-24,Female,Pediatric ED,82.54
12,15-24,Female,Urgent Care Centre,41.03
12,15-24,Male,Adult ED,110.42
12,15-24,Male,Pediatric ED,61.49
12,15-24,Male,Urgent Care Centre,54.8
12,15-24,Other,Adult ED,145.62
12,15-24,Other,Pediatric ED,87.83
12,15-24,Other,Urgent Care Centre,55.84
12,25-44,Female,Adult ED,101.99
12,25-44,Female,Pediatric ED,8.78
12,25-44,Female,Urgent Care Centre,42.95
12,25-44,Male,Adult ED,109.36
12,25-44,Male,Pediatric ED,9.36
12,25-44,Male,Urgent Care Centre,44.79
12,25-44,Other,Adult ED,113.67
12,25-44,Other,Pediatric ED,16.44
12,25-44,Other,Urgent Care Centre,60.57
12,45-64,Female,Adult ED,96.75
12,45-64,Female,Pediatric ED,19.19
12,45-64,Female,Urgent Care Centre,76.43
12,45-64,Male,Adult ED,95.29
12,45-64,Male,Pediatric ED,13.37
12,45-64,Male,Urgent Care Centre,65.78
12,45-64,Other,Adult ED,129.81
12,45-64,Other,Pediatric ED,12.78
12,45-64,Other,Urgent Care Centre,74.57
12,65-74,Female,Adult ED,104.57
12,65-74,Female,Pediatric ED,13.14
12,65-74,Female,Urgent Care Centre,59.48
12,65-74,Male,Adult ED,121.39
12,65-74,Male,Pediatric ED,10.1
12,65-74,Male,Urgent Care Centre,62.09
12,65-74,Other,Adult ED,143.54
12,65-74,Other,Pediatric ED,16.11
12,65-74,Other,Urgent Care Centre,83.49
12,75-84,Female,Adult ED,240.03
12,75-84,Female,Pediatric ED,11.93
12,75-84,Female,Urgent Care Centre,44.72
12,75-84,Male,Adult ED,292.21
12,75-84,Male,Pediatric ED,14.14
12,75-84,Male,Urgent Care Centre,54.32
12,75-84,Other,Adult ED,266.72
12,75-84,Other,Pediatric ED,15.12
12,75-84,Other,Urgent Care Centre,58.72
12,85+,Female,Adult ED,312.87
12,85+,Female,Pediatric ED,9.8
12,85+,Female,Urgent Care Centre,55.69
12,85+,Male,Adult ED,402.61
12,85+,Male,Pediatric ED,17.72
12,85+,Male,Urgent Care Centre,61.13
12,85+,Other,Adult ED,336.24
12,85+,Other,Pediatric ED,18.13
12,85+,Other,Urgent Care Centre,67.3
